Date,Harga_APLN,Harga_Min_APLN,Harga_Max_APLN,Asset_APLN,Ekuitas_APLN,Liabilitas_APLN,Pendapatan_APLN,Laba_APLN,CR_APLN,QR_APLN,DAR_APLN,DER_APLN,TATO_APLN,NPM_APLN,ROA_APLN,ROE_APLN,EPS_APLN,PER_APLN,PBV_APLN,Harga_BSDE,Harga_Min_BSDE,Harga_Max_BSDE,Asset_BSDE,Ekuitas_BSDE,Liabilitas_BSDE,Pendapatan_BSDE,Laba_BSDE,CR_BSDE,QR_BSDE,DAR_BSDE,DER_BSDE,TATO_BSDE,NPM_BSDE,ROA_BSDE,ROE_BSDE,EPS_BSDE,PER_BSDE,PBV_BSDE,Harga_CTRA,Harga_Min_CTRA,Harga_Max_CTRA,Asset_CTRA,Ekuitas_CTRA,Liabilitas_CTRA,Pendapatan_CTRA,Laba_CTRA,CR_CTRA,QR_CTRA,DAR_CTRA,DER_CTRA,TATO_CTRA,NPM_CTRA,ROA_CTRA,ROE_CTRA,EPS_CTRA,PER_CTRA,PBV_CTRA,Harga_DILD,Harga_Min_DILD,Harga_Max_DILD,Asset_DILD,Ekuitas_DILD,Liabilitas_DILD,Pendapatan_DILD,Laba_DILD,CR_DILD,QR_DILD,DAR_DILD,DER_DILD,TATO_DILD,NPM_DILD,ROA_DILD,ROE_DILD,EPS_DILD,PER_DILD,PBV_DILD,Harga_DMAS,Harga_Min_DMAS,Harga_Max_DMAS,Asset_DMAS,Ekuitas_DMAS,Liabilitas_DMAS,Pendapatan_DMAS,Laba_DMAS,CR_DMAS,QR_DMAS,DAR_DMAS,DER_DMAS,TATO_DMAS,NPM_DMAS,ROA_DMAS,ROE_DMAS,EPS_DMAS,PER_DMAS,PBV_DMAS,Harga_LPKR,Harga_Min_LPKR,Harga_Max_LPKR,Asset_LPKR,Ekuitas_LPKR,Liabilitas_LPKR,Pendapatan_LPKR,Laba_LPKR,CR_LPKR,QR_LPKR,DAR_LPKR,DER_LPKR,TATO_LPKR,NPM_LPKR,ROA_LPKR,ROE_LPKR,EPS_LPKR,PER_LPKR,PBV_LPKR,Harga_MDLN,Harga_Min_MDLN,Harga_Max_MDLN,Asset_MDLN,Ekuitas_MDLN,Liabilitas_MDLN,Pendapatan_MDLN,Laba_MDLN,CR_MDLN,QR_MDLN,DAR_MDLN,DER_MDLN,TATO_MDLN,NPM_MDLN,ROA_MDLN,ROE_MDLN,EPS_MDLN,PER_MDLN,PBV_MDLN,Harga_PANI,Harga_Min_PANI,Harga_Max_PANI,Asset_PANI,Ekuitas_PANI,Liabilitas_PANI,Pendapatan_PANI,Laba_PANI,CR_PANI,QR_PANI,DAR_PANI,DER_PANI,TATO_PANI,NPM_PANI,ROA_PANI,ROE_PANI,EPS_PANI,PER_PANI,PBV_PANI,Harga_PWON,Harga_Min_PWON,Harga_Max_PWON,Asset_PWON,Ekuitas_PWON,Liabilitas_PWON,Pendapatan_PWON,Laba_PWON,CR_PWON,QR_PWON,DAR_PWON,DER_PWON,TATO_PWON,NPM_PWON,ROA_PWON,ROE_PWON,EPS_PWON,PER_PWON,PBV_PWON,Harga_SMRA,Harga_Min_SMRA,Harga_Max_SMRA,Asset_SMRA,Liabilitas_SMRA,Ekuitas_SMRA,Pendapatan_SMRA,Laba_SMRA(M),CR_SMRA,QR_SMRA,DAR_SMRA,DER_SMRA,TATO_SMRA,NPM_SMRA,ROA_SMRA,ROE_SMRA,EPS_SMRA,PER_SMRA,PBV_SMRA,Inflasi,Suku_Bunga,Kurs_USD,PDB
Q1 2014,241,207,298,"20,327","7,377","12,950","1,656",282,1.56,0.95,0.64,1.76,0.08,0.17,1.46,4.89,14.43,19.61,0.96,"1,517","1,200","1,750","23,577","14,238","9,340","1,254",536,2.34,1.61,0.40,0.66,0.05,0.43,2.07,4.49,27.93,58.54,2.63,945,742,"1,192","20,556","10,123","10,349","1,202",320,2.42,0.70,0.50,1.02,0.06,0.27,1.11,3.45,15.01,77.35,2.67,359,302,465,"7,740","4,219","3,521",453,123,1.25,0.51,0.45,0.83,0.06,0.27,1.57,2.94,11.72,11.72,1.13,null,null,null,null,null,null,null,null,null,null,null,null,null,null,null,null,null,null,null,987,870,"1,250","31,615","15,115","16,500","2,011",463,4.55,1.87,0.52,1.09,0.06,0.23,1.07,2.49,14.69,63.92,1.59,410,405,415,"9,525","5,065","4,460",789,390,0.93,0.46,0.47,0.88,0.08,0.49,4.10,7.70,31.14,14.32,1.10,null,null,null,null,null,null,null,null,null,null,null,null,null,null,null,null,null,null,null,328,264,386,"9,633","4,507","5,126",825,404,1.37,0.99,0.53,1.14,0.09,0.49,4.04,9.13,8.09,43.26,3.95,983,765,"1,150","13,563","8,632","4,932",938,274,1.12,0.55,0.64,1.75,0.07,0.29,2.03,5.84,19.07,54.12,3.16,7.76,7.50,"11,847",5.21
Q2 2014,275,262,292,"21,572","7,332","14,240","1,130",78,1.69,1.10,0.66,1.94,0.05,0.07,0.27,0.99,2.89,96.89,0.96,"1,572","1,425","1,705","27,004","16,903","10,101","1,170","2,117",1.98,1.24,0.37,0.60,0.04,1.81,7.69,14.71,113.00,13.14,1.93,"1,042",915,"1,202","21,518","10,242","10,433","1,606",477,2.29,0.70,0.48,1.02,0.07,0.30,1.73,5.57,24.59,37.62,2.10,468,436,505,"7,890","4,295","3,594",402,81,2.09,0.71,0.46,0.84,0.05,0.20,0.99,1.86,7.56,57.80,1.07,null,null,null,null,null,null,null,null,null,null,null,null,null,null,null,null,null,null,null,"1,071",940,"1,200","34,606","15,832","18,773","2,097",435,5.55,2.36,0.54,1.19,0.06,0.21,0.96,2.37,14.47,58.00,1.36,438,435,442,"9,800","5,129","4,672",997,125,1.08,0.60,0.48,0.91,0.10,0.13,1.27,2.43,9.95,40.90,0.99,null,null,null,null,null,null,null,null,null,null,null,null,null,null,null,null,null,null,null,369,339,408,"9,899","4,788","5,111","2,055",518,1.40,1.00,0.52,1.07,0.21,0.25,5.22,11.31,10.72,32.56,3.68,"1,162","1,020","1,280","14,174","9,075","5,099","1,039",265,1.31,0.66,0.64,1.78,0.07,0.26,1.88,5.75,18.52,59.40,3.41,7.09,7.50,"11,699",5.12
Q3 2014,345,278,390,"22,308","7,939","14,369","1,215",195,1.77,1.08,0.64,1.81,0.05,0.16,0.68,2.46,7.38,46.48,1.15,"1,599","1,470","1,655","27,287","17,582","9,704","1,483",674,2.12,1.27,0.36,0.55,0.05,0.45,2.35,4.35,34.95,44.21,1.92,"1,135",925,"1,251","22,268","10,660","11,277","1,419",289,2.24,0.70,0.51,1.06,0.06,0.20,1.26,4.04,18.57,54.66,2.21,528,434,620,"7,937","4,315","3,623",446,101,1.71,0.68,0.46,0.84,0.06,0.23,1.26,2.37,9.67,59.98,1.42,null,null,null,null,null,null,null,null,null,null,null,null,null,null,null,null,null,null,null,"1,085",940,"1,220","35,677","16,403","19,274","2,012",520,6.47,2.56,0.54,1.18,0.06,0.26,1.07,2.62,16.49,49.00,1.29,477,469,484,"10,258","5,155","5,104",457,23,1.45,0.83,0.50,0.99,0.04,0.05,0.22,0.44,1.83,289.62,1.29,null,null,null,null,null,null,null,null,null,null,null,null,null,null,null,null,null,null,null,417,345,475,"12,783","5,432","7,351",836,414,2.23,1.80,0.58,1.35,0.07,0.50,3.21,8.24,8.51,47.47,3.91,"1,291","1,100","1,395","14,131","8,646","5,485","1,669",337,1.14,0.47,0.61,1.58,0.12,0.20,2.42,6.78,23.67,49.94,3.39,4.53,7.50,"11,771",2.96
Q4 2014,344,323,375,"23,686","8,463","15,223","1,787",429,1.83,1.14,0.64,1.80,0.07,0.24,1.47,5.41,17.00,19.71,1.07,"1,639","1,420","1,895","28,135","18,473","9,661","1,666",669,2.18,1.20,0.34,0.52,0.06,0.40,2.18,3.99,33.41,54.03,2.16,"1,154",960,"1,340","23,283","11,421","11,608","2,117",608,2.16,0.65,0.50,1.02,0.09,0.29,1.90,5.97,29.19,42.82,2.56,606,540,675,"9,005","4,470","4,535",533,128,1.37,0.47,0.50,1.01,0.06,0.24,1.43,2.94,12.45,52.21,1.54,null,null,null,null,null,null,null,null,null,null,null,null,null,null,null,null,null,null,null,"1,046",900,"1,175","37,761","17,646","20,115","5,534","1,717",5.23,2.34,0.53,1.14,0.15,0.31,3.96,9.57,64.73,59.00,1.31,509,503,517,"10,447","5,331","5,116",597,173,1.21,0.67,0.49,0.96,0.06,0.29,1.66,3.25,13.84,37.57,1.22,null,null,null,null,null,null,null,null,null,null,null,null,null,null,null,null,null,null,null,462,381,540,"16,771","8,283","8,488","1,156","1,262",1.41,0.98,0.51,1.02,0.07,1.09,7.15,19.44,24.91,20.67,4.02,"1,351","1,090","1,595","15,379","9,387","5,993","1,688",512,1.37,0.59,0.61,1.57,0.11,0.30,3.35,9.36,35.67,41.30,3.87,6.47,7.70,"12,245",5.01
Q1 2015,433,337,473,"23,938","8,208","15,731",995,151,1.88,1.15,0.66,1.92,0.04,0.15,0.42,1.64,4.94,89.07,1.46,"2,050","1,790","2,230","31,188","20,927","10,261","1,624",844,2.49,1.49,0.33,0.49,0.05,0.52,2.55,4.47,41.33,51.66,2.31,"1,404","1,271","1,494","24,115","11,794","11,862","1,424",337,2.20,0.76,0.49,1.01,0.06,0.24,0.94,2.98,15.02,98.20,2.93,591,515,665,"9,033","4,595","4,438",603,125,1.29,0.49,0.49,0.97,0.07,0.21,1.34,2.68,11.64,49.40,1.32,null,null,null,null,null,null,null,null,null,null,null,null,null,null,null,null,null,null,null,"1,124","1,000","1,350","39,641","19,514","20,127","2,384",560,4.98,2.27,0.51,1.03,0.06,0.23,0.88,2.40,18.09,64.00,1.55,526,518,535,"10,993","5,515","5,478",906,181,1.33,0.87,0.50,0.99,0.08,0.20,1.65,3.29,14.47,35.25,1.16,null,null,null,null,null,null,null,null,null,null,null,null,null,null,null,null,null,null,null,508,469,555,"17,616","8,637","8,979","1,168",358,1.41,0.97,0.51,1.04,0.07,0.31,1.87,5.06,6.82,75.51,3.82,"1,672","1,495","1,830","16,217","9,760","6,457",942,243,1.29,0.49,0.60,1.51,0.06,0.26,1.52,4.30,17.14,97.26,4.19,6.54,7.58,"12,804",4.71
Q2 2015,397,336,449,"24,100","8,453","15,647","1,781",364,1.22,0.73,0.65,1.85,0.07,0.20,1.04,3.94,12.18,30.95,1.22,"1,930","1,605","2,210","34,610","21,259","13,351","1,743",677,3.07,2.03,0.39,0.63,0.05,0.39,1.79,3.42,32.21,51.85,1.77,"1,402","1,192","1,543","24,577","11,829","12,321","1,666",346,2.18,0.62,0.50,1.04,0.07,0.21,1.02,3.30,16.55,76.37,2.52,621,555,685,"9,553","4,503","5,049",390,20,1.17,0.40,0.53,1.12,0.04,0.05,0.10,0.21,0.88,647.73,1.34,216,211,223,"8,099","7,148",938,"1,279",772,4.79,2.29,0.12,0.13,0.16,0.60,9.53,10.81,16.02,13.73,1.48,"1,270","1,090","1,460","40,789","20,033","20,757","2,240",497,5.35,2.35,0.51,1.04,0.05,0.22,0.88,2.02,15.51,66.00,1.33,540,531,549,"11,211","5,407","5,804",507,34,1.09,0.72,0.52,1.07,0.05,0.07,0.30,0.63,2.71,193.73,1.22,null,null,null,null,null,null,null,null,null,null,null,null,null,null,null,null,null,null,null,456,384,525,"18,334","8,881","9,453","1,258",470,1.28,0.85,0.52,1.06,0.07,0.37,2.33,6.37,8.86,48.53,3.09,"1,815","1,620","1,995","17,172","10,316","6,856","1,655",282,1.61,0.54,0.60,1.50,0.10,0.17,1.64,4.96,19.55,81.02,4.02,7.06,7.50,"13,134",4.67
Q3 2015,336,294,385,"24,311","8,520","15,791","1,144",54,1.44,0.76,0.65,1.85,0.05,0.05,0.07,0.27,0.83,361.45,0.97,"1,624","1,235","1,885","35,621","21,643","13,978","1,266",371,2.98,1.96,0.39,0.65,0.04,0.29,0.88,1.70,16.31,86.14,1.47,988,772,"1,276","25,153","12,284","12,749","2,284",601,2.22,0.68,0.51,1.04,0.09,0.26,1.81,5.77,30.09,27.09,1.56,552,495,625,"9,758","4,591","5,167",581,88,1.00,0.31,0.53,1.13,0.06,0.15,0.87,1.90,8.21,71.25,1.35,192,146,218,"8,534","7,597",923,425,451,5.32,2.74,0.11,0.12,0.05,1.06,5.29,5.94,9.36,20.30,1.21,"1,118",975,"1,210","40,865","18,773","22,093","1,971",579,6.97,2.86,0.54,1.18,0.05,0.29,-1.73,-4.31,-30.72,-32.00,1.38,432,424,441,"12,572","5,494","7,078",735,88,1.30,1.09,0.56,1.29,0.06,0.12,0.70,1.60,7.01,61.91,0.99,null,null,null,null,null,null,null,null,null,null,null,null,null,null,null,null,null,null,null,381,331,440,"19,049","8,988","10,061","1,137",434,1.39,0.91,0.53,1.12,0.06,0.38,2.17,6.08,8.57,38.62,2.35,"1,551","1,035","1,830","18,006","10,690","7,316","1,900",446,1.63,0.50,0.59,1.46,0.11,0.23,1.54,4.66,19.27,56.31,2.62,7.09,7.50,"13,868",4.73
Q4 2015,294,250,334,"24,559","9,073","15,487","2,052",548,1.39,0.76,0.63,1.71,0.08,0.27,1.80,6.47,21.50,15.53,1.01,"1,672","1,380","1,835","36,022","22,097","13,925","1,576",458,2.73,1.67,0.39,0.63,0.04,0.29,1.14,2.18,21.32,84.43,1.84,"1,193",825,"1,465","26,259","13,050","12,870","2,140",457,2.16,0.63,0.49,0.99,0.08,0.21,1.33,4.15,22.74,64.20,2.66,519,489,590,"10,289","4,771","5,518",626,185,0.89,0.28,0.54,1.16,0.06,0.30,1.81,3.99,18.00,27.17,1.08,211,187,235,"8,007","7,161",829,582,145,5.42,2.49,0.10,0.12,0.07,0.25,1.80,1.80,3.00,71.67,1.45,"1,209","1,025","1,360","41,327","18,917","22,410","2,314",455,6.91,2.70,0.54,1.18,0.06,0.20,1.13,2.86,20.32,44.00,1.26,479,470,485,"12,843","6,057","6,786",814,570,1.00,0.73,0.53,1.12,0.06,0.70,4.44,9.41,45.50,10.26,0.97,null,null,null,null,null,null,null,null,null,null,null,null,null,null,null,null,null,null,null,437,337,496,"18,778","9,455","9,323","1,062",140,1.22,0.71,0.50,0.99,0.06,0.13,0.50,1.30,1.95,254.36,3.31,"1,467","1,095","1,695","18,758","11,229","7,530","1,127",93,1.65,0.54,0.60,1.49,0.06,0.08,0.26,0.80,3.32,481.63,3.84,4.82,7.50,"13,773",5.04
Q1 2016,313,292,334,"25,222","9,226","15,996","1,184",168,1.38,0.73,0.63,1.73,0.05,0.14,0.44,1.59,5.36,55.78,0.89,"1,759","1,630","1,940","36,694","22,375","14,319","1,105",297,2.65,1.57,0.39,0.64,0.03,0.27,0.71,1.35,13.44,136.53,1.85,"1,327","1,205","1,480","26,164","13,227","13,208","1,305",209,2.00,0.63,0.50,1.00,0.05,0.16,0.55,1.69,9.38,139.13,2.34,491,458,540,"10,425","4,871","5,554",589,100,0.95,0.32,0.53,1.14,0.06,0.17,0.97,2.11,9.73,53.96,1.14,208,200,219,"7,696","7,432",246,588,272,17.59,7.82,0.03,0.03,0.08,0.46,3.53,3.53,5.63,36.59,1.34,"1,050",990,"1,175","42,033","19,490","22,543","2,545",299,6.10,2.36,0.54,1.16,0.06,0.12,0.73,1.84,13.38,67.00,1.24,405,397,412,"12,580","6,116","6,464",633,62,0.99,0.75,0.51,1.06,0.05,0.10,0.49,1.01,4.95,81.21,0.82,null,null,null,null,null,null,null,null,null,null,null,null,null,null,null,null,null,null,null,475,427,540,"19,305","10,063","9,243","1,246",605,1.20,0.64,0.48,0.92,0.06,0.49,2.81,7.00,11.28,42.91,3.00,"1,575","1,410","1,755","19,531","11,928","7,603","1,047",83,1.81,0.68,0.61,1.57,0.05,0.08,0.14,0.47,1.96,783.67,3.66,4.34,7.00,"13,527",4.92
Q2 2016,253,236,449,"25,267","9,481","15,786","1,737",280,1.27,0.64,0.62,1.67,0.07,0.16,0.79,2.79,9.68,26.86,0.75,"1,866","1,695","2,210","37,789","23,004","14,785","1,766",609,2.60,1.50,0.39,0.64,0.05,0.34,1.49,2.87,29.25,72.14,2.07,"1,334","1,200","1,470","27,282","13,275","12,937","1,574",130,2.24,0.75,0.47,0.97,0.06,0.08,0.35,1.11,6.14,236.16,2.61,529,491,590,"10,941","4,921","6,019",541,50,1.47,0.47,0.55,1.22,0.05,0.09,0.46,1.03,4.80,121.88,1.25,207,199,218,"7,348","7,117",213,388,215,18.75,7.53,0.03,0.03,0.05,0.55,2.92,3.02,4.46,48.43,1.46,"1,006",920,"1,145","43,026","19,964","23,062","2,468",240,4.70,1.81,0.54,1.16,0.06,0.10,0.44,1.10,8.19,121.00,1.34,387,380,394,"12,565","6,078","6,487",497,36,1.02,0.66,0.52,1.07,0.04,0.07,-0.28,-0.59,-2.85,-154.39,0.91,null,null,null,null,null,null,null,null,null,null,null,null,null,null,null,null,null,null,null,534,486,620,"19,902","10,200","9,702","1,195",357,1.22,0.67,0.49,0.95,0.06,0.30,1.77,4.47,7.32,84.02,3.75,"1,584","1,370","1,810","19,751","12,166","7,585","1,271",48,1.86,0.67,0.62,1.60,0.06,0.04,-0.02,-0.06,-0.26,"-6,746.15",4.23,3.46,6.70,"13,317",5.18
Q3 2016,295,252,322,"25,508","9,647","15,861","1,221",192,1.21,0.59,0.62,1.64,0.05,0.16,0.49,1.72,6.08,47.37,0.82,"2,138","1,965","2,380","37,182","23,400","13,783","1,383",396,2.78,1.50,0.37,0.59,0.04,0.29,0.90,1.69,17.48,125.86,2.12,"1,549","1,405","1,705","27,403","13,538","14,007","1,540",329,2.33,0.70,0.51,1.03,0.06,0.21,0.88,2.76,15.62,101.79,2.80,591,535,650,"11,462","4,917","6,545",528,60,0.81,0.24,0.57,1.33,0.05,0.11,0.48,1.13,5.27,113.85,1.29,253,204,286,"7,434","7,125",289,36,8,13.89,5.38,0.04,0.04,0.00,0.22,0.11,0.12,0.17,"1,447.06",1.66,"1,121",990,"1,200","44,822","21,772","23,050","2,241",233,5.35,2.05,0.51,1.06,0.05,0.10,0.37,0.89,7.23,118.00,1.06,403,396,413,"13,209","6,081","7,128",402,3,1.23,0.88,0.54,1.17,0.03,0.01,0.02,0.05,0.24,1533.33,0.76,null,null,null,null,null,null,null,null,null,null,null,null,null,null,null,null,null,null,null,639,570,690,"20,081","10,609","9,471","1,194",442,1.32,0.73,0.47,0.89,0.06,0.37,2.07,5.02,8.65,78.03,3.92,"1,775","1,625","1,940","19,880","12,167","7,713","1,296",119,1.98,0.74,0.61,1.58,0.07,0.09,0.17,0.55,2.29,742.79,4.08,3.02,5.58,"13,135",5.02
Q4 2016,257,202,300,"25,712","9,971","15,741","1,865",299,1.07,0.46,0.61,1.58,0.07,0.16,0.77,2.65,9.71,21.63,0.57,"1,948","1,550","2,260","38,292","24,353","13,939","2,268",736,2.94,1.60,0.36,0.57,0.06,0.32,1.67,3.10,33.14,52.96,1.64,"1,469","1,250","1,695","29,072","14,298","13,865","2,320",503,2.16,0.79,0.48,0.97,0.08,0.22,1.32,4.17,24.81,53.81,2.24,535,444,605,"11,840","5,057","6,783",618,87,0.92,0.29,0.57,1.34,0.05,0.14,0.79,1.88,9.03,55.37,1.04,237,214,268,"7,804","7,388",395,581,263,9.39,3.37,0.05,0.05,0.07,0.45,3.37,3.56,5.45,42.20,1.50,834,705,995,"45,604","22,075","23,529","3,284",226,5.45,2.05,0.52,1.07,0.07,0.07,0.48,1.02,9.44,66.00,0.77,360,353,368,"14,540","6,595","7,945",951,472,1.34,0.91,0.55,1.20,0.07,0.50,3.25,7.16,37.67,9.08,0.65,null,null,null,null,null,null,null,null,null,null,null,null,null,null,null,null,null,null,null,669,540,750,"20,674","11,020","9,654","1,206",376,1.33,0.71,0.47,0.88,0.06,0.31,1.73,4.13,7.44,75.94,3.13,"1,506","1,235","1,790","20,810","12,645","8,166","1,784",355,2.06,0.75,0.61,1.55,0.09,0.20,1.22,4.07,17.61,72.91,2.97,3.30,4.75,"13,246",4.94
Q1 2017,224,210,238,"26,122","10,117","16,005","1,205",118,1.16,0.53,0.61,1.58,0.05,0.10,0.19,0.65,2.41,90.46,0.59,"1,829","1,700","1,920","39,628","24,999","14,629","1,754",792,2.77,1.53,0.37,0.59,0.04,0.45,1.85,3.44,38.09,49.49,1.70,"1,312","1,215","1,430","29,147","14,486","14,774","1,271",228,1.78,0.74,0.51,1.02,0.04,0.18,0.74,1.69,11.66,105.49,1.78,458,416,500,"12,177","5,826","6,350",399,19,0.98,0.33,0.52,1.09,0.03,0.05,0.16,0.37,1.90,218.95,0.81,234,214,260,"7,904","7,512",372,222,123,10.19,3.69,0.05,0.05,0.03,0.55,1.82,1.64,2.56,89.06,1.46,744,710,790,"46,051","22,864","23,187","2,503",374,5.17,1.88,0.50,1.01,0.05,0.15,0.31,0.72,6.18,101.00,0.75,320,315,325,"14,415","6,820","7,595",978,225,1.46,1.03,0.53,1.11,0.07,0.23,1.56,3.30,17.89,16.35,0.54,null,null,null,null,null,null,null,null,null,null,null,null,null,null,null,null,null,null,null,582,555,620,"21,475","11,386","10,089","1,378",374,1.53,0.86,0.47,0.89,0.06,0.27,1.62,3.85,7.22,85.18,3.28,"1,360","1,295","1,450","21,003","12,733","8,270","1,230",106,1.97,0.72,0.61,1.54,0.06,0.09,0.34,1.14,4.98,260.64,2.97,3.64,4.75,"13,349",5.01
Q2 2017,200,183,226,"29,660","11,232","18,428","2,730",960,1.36,0.90,0.62,1.64,0.09,0.35,2.18,7.91,31.54,5.93,0.47,"1,802","1,655","1,900","42,119","26,318","15,801","2,460","1,335",2.33,1.33,0.38,0.60,0.06,0.54,3.03,5.68,66.35,27.58,1.57,"1,173","1,090","1,300","30,561","14,703","14,661","1,555",141,1.94,0.67,0.48,1.00,0.05,0.09,0.40,0.96,6.63,176.47,1.69,422,408,448,"12,553","5,944","6,609",941,169,1.11,0.41,0.53,1.11,0.07,0.18,1.34,3.08,16.20,25.93,0.80,230,214,250,"7,280","6,786",472,10,2,6.71,1.27,0.06,0.07,0.00,0.20,-0.03,-0.03,-0.05,"-4,320.00",1.53,693,500,835,"46,802","23,594","23,207","2,357",264,5.43,1.95,0.50,0.98,0.05,0.11,0.74,1.73,14.94,38.00,0.66,276,270,280,"14,559","6,745","7,815",456,20,1.53,1.08,0.54,1.16,0.03,0.04,0.14,0.29,1.57,171.97,0.50,null,null,null,null,null,null,null,null,null,null,null,null,null,null,null,null,null,null,null,615,540,685,"21,885","11,758","10,127","1,573",600,1.60,0.88,0.46,0.86,0.07,0.38,2.53,5.90,11.47,53.62,3.16,"1,329","1,225","1,400","21,205","12,991","8,214","1,455",19,1.80,0.65,0.61,1.58,0.07,0.01,-0.11,-0.37,-1.60,-781.25,2.90,4.29,4.75,"13,310",5.01
Q3 2017,236,185,308,"27,474","10,636","16,837","1,525",100,1.36,0.81,0.61,1.58,0.06,0.07,-0.56,-1.94,-8.00,-35.00,0.68,"1,803","1,720","1,900","43,472","26,652","16,820","1,614",332,2.14,1.13,0.39,0.63,0.04,0.21,0.67,1.28,15.18,116.60,1.49,"1,157","1,020","1,235","32,072","14,955","15,858","1,522",256,2.34,0.97,0.49,1.06,0.05,0.17,0.71,1.74,12.21,97.87,1.70,409,394,442,"12,645","5,985","6,659",387,-25,0.96,0.33,0.53,1.11,0.03,-0.06,-0.15,-0.36,-1.89,-217.99,0.79,202,190,216,"7,356","6,920",413,261,134,7.99,1.55,0.06,0.06,0.04,0.51,1.82,1.93,2.77,72.20,1.39,586,536,631,"52,386","26,240","26,146","2,512",7,4.50,1.75,0.50,1.00,0.05,0.00,0.26,0.64,5.95,105.00,0.68,279,275,284,"14,592","6,763","7,830",445,16,1.51,1.06,0.54,1.16,0.03,0.04,0.11,0.24,1.31,222.90,0.54,null,null,null,null,null,null,null,null,null,null,null,null,null,null,null,null,null,null,null,652,610,710,"22,538","12,327","10,211","1,443",569,1.73,0.99,0.45,0.83,0.06,0.39,2.31,5.27,10.82,56.38,2.97,"1,081",975,"1,290","20,987","12,730","8,257","1,309",114,1.59,0.51,0.61,1.54,0.06,0.09,0.34,1.12,4.90,210.61,2.37,3.81,4.50,"13,330",5.06
Q4 2017,245,199,296,"28,790","11,497","17,293","1,584",904,1.31,0.79,0.60,1.50,0.06,0.57,2.88,9.46,42.89,4.90,0.46,"1,707","1,560","1,830","45,951","29,197","16,754","4,520","2,707",2.37,1.33,0.36,0.57,0.10,0.60,5.70,10.33,136.03,12.50,1.29,"1,191","1,160","1,225","31,706","15,451","17,117","2,094",294,2.32,0.73,0.54,1.11,0.07,0.14,1.03,2.45,17.68,67.02,1.64,385,348,414,"13,097","6,311","6,787",476,109,0.88,0.30,0.52,1.08,0.04,0.23,0.99,2.30,12.49,28.02,0.65,181,163,202,"7,471","7,006",438,843,403,8.08,2.13,0.06,0.06,0.11,0.48,5.38,5.75,8.35,20.48,1.18,500,379,587,"56,772","29,860","26,912","3,531",181,5.14,1.79,0.47,0.90,0.06,0.05,-0.02,-0.05,-0.45,-937.78,0.43,321,316,326,"14,600","7,077","7,522","1,319",353,1.33,0.79,0.52,1.06,0.09,0.27,2.42,4.99,28.19,10.43,0.52,null,null,null,null,null,null,null,null,null,null,null,null,null,null,null,null,null,null,null,633,595,685,"23,359","12,791","10,567","1,324",482,1.72,0.95,0.45,0.83,0.06,0.36,1.93,4.37,9.37,73.11,3.20,966,830,"1,155","21,663","13,309","8,354","1,647",294,1.46,0.42,0.61,1.59,0.08,0.18,1.12,3.73,16.82,54.46,2.03,3.50,4.25,"13,535",5.19
Q1 2018,225,214,246,"28,503","11,543","16,959","1,361",81,1.28,0.70,0.59,1.47,0.05,0.06,0.07,0.23,1.04,207.69,0.48,"1,761","1,700","1,965","48,585","29,690","18,895","1,702",499,2.64,1.57,0.39,0.64,0.04,0.29,0.84,1.58,21.16,84.12,1.33,"1,230","1,115","1,380","32,290","15,573","16,255","1,358",147,2.17,0.74,0.50,1.04,0.04,0.11,0.39,0.93,6.75,174.07,1.62,345,320,378,"13,430","6,426","7,004",709,114,0.84,0.32,0.52,1.09,0.05,0.16,0.84,1.97,10.88,30.33,0.60,178,164,204,"7,449","7,009",412,12,3,8.51,1.94,0.06,0.06,0.00,0.25,0.04,0.04,0.06,"2,866.67",1.18,401,379,456,"57,638","29,925","27,713","2,467",29,5.07,1.71,0.48,0.93,0.04,0.01,0.23,0.58,5.75,72.00,0.42,322,317,327,"14,788","7,186","7,602",612,112,1.31,0.70,0.51,1.06,0.04,0.18,0.76,1.56,8.93,38.97,0.61,null,null,null,null,null,null,null,null,null,null,null,null,null,null,null,null,null,null,null,670,605,715,"23,872","13,431","10,441","1,647",640,1.80,1.02,0.44,0.78,0.07,0.39,2.36,5.17,11.69,53.89,2.79,"1,035",895,"1,205","21,738","13,384","8,354","1,199",85,1.80,0.49,0.62,1.60,0.06,0.07,0.19,0.64,2.90,302.41,1.93,3.28,4.25,"13,573",5.06
Q2 2018,207,166,232,"28,778","11,609","17,269","1,136",99,1.47,0.79,0.60,1.49,0.04,0.09,0.14,0.47,2.15,77.21,0.37,"1,693","1,445","1,845","51,375","29,722","21,653","1,418",80,3.65,2.26,0.42,0.73,0.03,0.06,0.00,0.01,0.11,"14,227.27",1.17,"1,085",880,"1,245","32,881","15,462","16,717","1,447",78,2.07,0.63,0.51,1.08,0.04,0.05,0.15,0.38,2.75,370.91,1.42,310,274,370,"13,809","6,446","7,363","1,097",19,0.79,0.34,0.53,1.14,0.08,0.02,0.21,0.51,2.86,129.37,0.66,157,128,184,"7,276","6,786",460,235,91,6.98,1.06,0.06,0.07,0.03,0.39,1.25,1.25,1.89,67.72,0.91,330,267,386,"54,105","28,303","25,803","3,023",718,5.18,1.88,0.48,0.91,0.06,0.24,1.87,4.76,43.94,7.00,0.32,327,322,334,"15,110","7,096","8,015",784,70,1.43,0.89,0.53,1.13,0.05,0.09,0.46,0.98,5.50,52.16,0.51,null,null,null,null,null,null,null,null,null,null,null,null,null,null,null,null,null,null,null,576,496,640,"24,470","13,753","10,718","1,730",639,1.93,1.15,0.44,0.78,0.07,0.37,2.31,5.08,11.76,45.07,2.29,929,805,"1,040","23,034","14,622","8,412","1,468",116,1.60,0.46,0.63,1.74,0.06,0.08,0.16,0.56,2.53,346.64,1.94,3.25,4.75,"13,954",5.27
Q3 2018,156,143,171,"29,074","11,839","17,234","1,306",305,1.37,0.73,0.59,1.46,0.04,0.23,0.85,2.71,12.76,11.83,0.32,"1,295","1,080","1,580","52,422","29,995","22,427","1,667",298,3.62,2.22,0.43,0.75,0.03,0.18,0.36,0.73,9.87,117.02,0.86,909,735,"1,110","33,610","15,977","17,420","1,886",432,2.00,0.64,0.52,1.09,0.06,0.23,1.20,2.95,21.75,40.23,1.19,318,292,340,"13,868","6,433","7,435",613,-17,0.83,0.35,0.54,1.16,0.04,-0.03,-0.14,-0.34,-1.88,-155.32,0.53,130,118,149,"7,295","6,867",397,149,81,8.31,1.15,0.05,0.06,0.02,0.54,1.11,1.11,1.68,77.98,0.92,287,254,324,"52,985","27,145","25,840","2,982",29,4.54,1.58,0.49,0.95,0.06,0.01,-1.28,-3.35,-29.33,-10.16,0.34,254,248,259,"15,613","6,927","8,686",295,108,2.12,1.37,0.56,1.25,0.02,0.37,-0.69,-1.56,-8.63,-25.26,0.39,451,424,477,98,40,58,200,1,1.98,1.13,0.59,1.45,2.04,0.01,1.31,3.23,4.94,116.80,3.78,534,500,580,"24,617","14,475","10,143","1,852",721,2.20,1.32,0.41,0.70,0.08,0.39,2.64,5.51,13.52,38.09,2.10,719,595,850,"22,908","14,211","8,697","1,356",191,1.76,0.49,0.62,1.63,0.06,0.14,0.55,1.88,8.66,73.33,1.38,3.09,5.50,"14,603",5.17
Q4 2018,148,133,167,"29,584","12,208","17,376","1,232",291,1.06,0.58,0.59,1.42,0.04,0.24,-0.94,-3.15,-14.42,-10.54,0.33,"1,182",930,"1,385","52,101","30,287","21,815","1,842",825,3.36,1.91,0.42,0.72,0.04,0.45,1.33,2.66,36.09,34.77,0.93,916,770,"1,100","34,289","16,644","17,633","2,980",646,2.09,0.80,0.51,1.06,0.09,0.22,1.77,4.21,32.63,30.95,1.30,306,284,326,"14,216","6,516","7,700",133,78,1.01,0.42,0.54,1.18,0.01,0.59,0.57,1.38,7.79,39.54,0.55,140,125,168,"7,500","7,189",279,640,322,12.77,3.18,0.04,0.04,0.09,0.50,4.29,4.48,6.67,23.84,1.07,222,197,268,"49,806","25,470","24,336","3,810",126,4.53,1.24,0.49,0.96,0.08,0.03,0.45,1.20,9.76,22.54,0.27,219,215,223,"15,227","6,830","8,398",433,48,2.19,1.39,0.55,1.23,0.03,0.11,-0.32,-0.70,-3.83,-59.01,0.41,211,199,227,150,40,110,95,0,1.20,0.36,0.73,2.75,0.63,0.00,-0.08,-0.30,-0.29,-631.03,1.89,549,438,635,"25,018","15,312","9,706","1,852",827,2.31,1.44,0.39,0.63,0.07,0.45,3.05,6.05,15.83,39.17,2.37,692,555,880,"23,299","14,239","9,061","1,638",298,1.45,0.36,0.61,1.57,0.07,0.18,1.05,3.55,17.01,45.86,1.63,3.17,5.92,"14,813",5.18
Q1 2019,178,152,202,"29,567","12,333","17,234",754,183,1.17,0.70,0.58,1.40,0.03,0.24,0.55,1.79,8.40,20.60,0.37,"1,380","1,245","1,510","52,503","31,107","21,396","1,630",716,3.52,1.94,0.41,0.69,0.03,0.44,1.18,2.30,32.12,43.74,1.01,953,855,"1,085","34,446","16,971","17,645","1,647",298,2.02,0.83,0.51,1.04,0.05,0.18,0.82,1.93,15.25,65.57,1.26,327,304,372,"14,116","6,622","7,495",888,102,1.08,0.48,0.53,1.13,0.06,0.11,0.34,0.82,4.67,74.95,0.62,212,158,266,"8,203","7,197",973,6,8,4.38,1.54,0.12,0.14,0.00,1.33,0.10,0.11,0.17,"1,294.12",1.47,223,200,248,"53,832","30,099","23,733","2,775","2,292",5.68,1.82,0.44,0.79,0.05,0.83,0.09,0.21,2.17,115.00,0.25,249,244,255,"15,740","7,151","8,589",937,318,2.26,1.51,0.55,1.20,0.06,0.34,2.02,4.45,25.39,9.85,0.44,141,137,149,141,41,100,57,1,1.10,0.15,0.71,2.44,0.40,0.02,0.37,1.29,1.28,88.28,1.14,663,620,730,"25,458","16,173","9,286","1,711",859,2.37,1.47,0.36,0.57,0.07,0.50,2.83,5.41,14.97,46.09,2.49,942,805,"1,040","23,917","14,760","9,157","1,061",103,1.46,0.35,0.62,1.61,0.04,0.10,0.18,0.61,2.93,310.92,1.89,2.62,6.00,"14,139",5.07
Q2 2019,179,157,260,"28,832","12,220","16,612","1,203",8,1.30,0.73,0.58,1.36,0.04,0.01,-0.07,-0.21,-0.99,-242.42,0.52,"1,374","1,120","1,580","53,306","32,611","20,695","1,972","1,537",3.86,2.16,0.39,0.63,0.04,0.78,2.77,5.20,76.61,20.04,1.04,"1,068",900,"1,245","35,077","16,787","18,290","1,499",23,1.84,0.78,0.52,1.09,0.04,0.02,0.04,0.09,0.72,"1,597.22",1.47,341,314,420,"14,577","7,029","7,548",458,-26,1.40,0.64,0.52,1.07,0.03,-0.06,-0.27,-0.66,-3.77,-101.86,0.67,251,226,276,"7,464","6,802",628,979,618,5.81,1.57,0.08,0.09,0.13,0.63,8.27,9.08,12.81,21.55,1.96,254,235,290,"52,898","29,662","23,236","2,464",232,5.22,1.46,0.44,0.78,0.05,0.09,-2.85,-2.01,-21.05,-12.54,0.84,269,262,276,"15,571","7,018","8,553",281,134,2.15,1.39,0.55,1.22,0.02,0.48,-0.86,-1.91,-10.70,-25.98,0.50,110,108,114,128,41,87,65,0,1.08,0.20,0.68,2.12,0.51,0.00,0.10,0.32,0.32,353.12,1.15,709,630,790,"25,577","16,500","9,077","1,794",775,2.29,1.49,0.35,0.55,0.07,0.43,2.52,4.73,13.38,54.56,2.58,"1,098",925,"1,231","23,947","14,747","9,201","1,610",113,1.73,0.33,0.62,1.60,0.07,0.07,0.45,1.53,7.40,159.73,2.44,3.14,6.00,"14,261",5.05
Q3 2019,221,177,276,"29,424","12,936","16,488",966,41,1.79,0.88,0.56,1.27,0.03,0.04,-0.26,-0.80,-4.01,-63.34,0.51,"1,397","1,265","1,570","53,267","32,867","20,400","1,629",269,3.43,1.79,0.38,0.62,0.03,0.17,0.41,0.76,11.31,122.90,0.94,"1,159","1,025","1,305","35,494","16,965","18,529","1,510",142,1.81,0.79,0.52,1.09,0.04,0.09,0.32,0.77,5.08,173.52,1.34,419,396,452,"14,683","7,037","7,646",508,7,1.30,0.61,0.52,1.09,0.03,0.01,-0.02,-0.05,-0.27,"-1,474.07",0.69,296,276,316,"7,494","6,935",623,285,133,6.15,1.91,0.08,0.09,0.04,0.47,1.76,1.92,2.77,101.81,1.96,256,234,290,"56,811","35,128","21,682","2,939",369,5.12,1.49,0.38,0.62,0.05,0.13,-0.47,-0.91,-3.79,-62.27,0.57,254,252,259,"15,764","7,081","8,683",346,64,1.85,1.21,0.55,1.23,0.02,0.18,0.41,0.90,5.10,46.67,0.42,108,105,113,113,40,74,52,-1,1.19,0.16,0.65,1.85,0.46,-0.02,-0.74,-2.13,-2.05,-48.29,1.03,685,620,745,"25,656","17,361","8,295","1,735",861,2.65,1.67,0.32,0.48,0.07,0.50,3.06,5.45,16.30,40.80,2.22,"1,167","1,027","1,289","23,880","14,639","9,241","1,740",199,1.66,0.32,0.61,1.58,0.07,0.11,0.69,2.31,11.48,97.47,2.26,3.40,5.50,"14,131",5.02
Q4 2019,202,172,258,"29,460","12,836","16,624",870,29,1.66,0.91,0.56,1.30,0.03,0.03,-0.25,-0.79,-3.84,-46.09,0.36,"1,344","1,215","1,485","54,445","33,548","20,897","1,854",609,3.94,2.29,0.38,0.62,0.03,0.33,0.88,1.65,25.00,50.20,0.83,"1,080",975,"1,220","36,196","17,762","18,434","2,953",821,1.96,0.90,0.51,1.04,0.08,0.28,2.07,4.88,40.34,25.78,1.26,331,260,400,"14,777","7,235","7,543",882,359,1.18,0.61,0.51,1.04,0.06,0.41,1.66,3.95,23.63,11.00,0.44,308,288,340,"7,660","6,496","1,080","1,380",567,3.71,1.70,0.14,0.17,0.18,0.41,7.56,8.87,11.95,24.77,2.20,240,226,256,"55,080","34,376","20,703","3,999","1,950",5.41,1.41,0.38,0.60,0.07,0.49,-0.47,-0.90,-3.64,-66.48,0.60,222,217,224,"16,126","7,250","8,875",809,162,1.93,1.29,0.55,1.22,0.05,0.20,1.00,2.23,12.89,16.60,0.37,101,98,104,120,40,80,56,0,1.49,0.37,0.67,2.00,0.47,0.00,-0.87,-2.61,-2.53,-44.66,1.17,592,560,640,"26,095","18,096","8,000","1,962",745,2.86,1.81,0.31,0.44,0.08,0.38,2.18,3.80,11.82,48.22,1.83,"1,062",940,"1,197","24,442","14,990","9,451","1,530",197,1.24,0.29,0.61,1.59,0.06,0.13,0.82,2.72,13.89,70.12,1.91,2.95,5.00,"14,070",4.97
Q1 2020,142,79,178,"31,216","11,040","20,176","1,322",326,1.03,0.43,0.65,1.83,0.04,0.25,-1.44,-5.49,-19.76,-4.55,0.25,"1,055",590,"1,300","60,105","32,184","27,922","1,496",309,4.23,2.74,0.46,0.87,0.02,0.21,0.43,0.93,13.49,49.67,0.46,870,444,"1,065","37,870","16,910","20,960","1,510",184,1.95,0.86,0.55,1.24,0.04,0.12,0.47,1.21,9.56,46.44,0.56,269,180,322,"15,928","6,026","9,902",831,82,1.01,0.47,0.62,1.64,0.05,0.10,0.53,1.63,8.14,30.71,0.50,243,127,296,"7,988","6,440","1,177",108,53,3.46,1.57,0.15,0.18,0.01,0.49,0.70,0.83,1.11,128.83,1.07,217,123,240,"61,834","31,872","29,963","3,066",734,3.86,0.86,0.48,0.94,0.05,0.24,-3.42,-8.02,-29.84,-4.46,0.36,170,166,174,"17,000","7,054","9,947",112,159,1.63,1.02,0.59,1.41,0.01,1.42,-0.94,-2.26,-12.69,-6.64,0.15,89,85,92,139,40,99,44,0,1.41,0.48,0.71,2.48,0.32,0.00,-0.02,-0.08,-0.08,-875.00,0.72,505,268,600,"26,562","16,761","9,801","1,651",124,2.38,1.33,0.37,0.58,0.06,0.08,0.25,0.48,1.39,221.58,1.07,790,388,"1,003","25,769","16,437","9,331","1,039",32,1.30,0.37,0.64,1.76,0.04,0.03,0.14,0.52,2.57,150.97,0.78,2.87,4.75,"14,234",2.97
Q2 2020,107,88,129,"30,632","11,484","19,147",400,442,1.29,0.43,0.63,1.67,0.01,1.11,1.45,5.16,19.63,5.81,0.30,729,585,915,"60,412","33,960","26,452",842,324,2.39,1.52,0.44,0.78,0.01,0.38,-0.58,-1.18,-16.48,-44.90,0.53,582,412,770,"37,884","17,043","20,841","1,295",22,2.29,0.83,0.55,1.22,0.03,0.02,-0.02,-0.05,-0.43,"-1,418.60",0.76,222,188,258,"15,917","6,026","9,891",680,0,0.83,0.51,0.62,1.64,0.04,0.00,0.03,0.10,0.51,368.63,0.38,162,129,191,"7,980","5,453","1,496",145,26,2.28,0.79,0.19,0.27,0.02,0.18,0.37,0.37,0.53,324.53,1.52,157,126,190,"59,775","31,328","28,447","2,210","1,010",3.71,0.77,0.48,0.91,0.04,0.46,1.45,3.26,12.19,14.03,0.46,72,70,76,"16,172","6,897","9,276",171,189,1.56,0.98,0.57,1.34,0.01,1.11,-1.17,-2.74,-15.08,-4.11,0.11,68,67,72,135,40,95,35,0,1.41,0.47,0.70,2.38,0.26,0.00,0.02,0.05,0.05,"1,120.00",0.58,393,312,480,"26,492","17,034","9,459",324,399,2.48,1.33,0.36,0.56,0.01,1.23,1.57,2.93,8.63,48.20,1.41,491,345,669,"25,752","16,409","9,343","1,142",6,1.37,0.39,0.64,1.76,0.04,0.01,-0.10,-0.37,-1.86,-304.84,1.14,2.27,4.42,"14,997",5.32
Q3 2020,111,94,125,"30,527","11,031","19,541","1,167",312,1.29,0.46,0.64,1.77,0.04,0.27,-1.40,-5.20,-18.82,-5.05,0.26,737,640,825,"60,891","34,278","26,612","1,942",643,2.47,1.57,0.44,0.78,0.03,0.33,0.92,1.87,26.40,28.03,0.52,673,605,785,"38,784","16,864","21,921","1,436",86,1.71,0.72,0.57,1.30,0.04,0.06,0.16,0.43,3.38,190.83,0.81,176,147,190,"15,870","5,973","9,896",554,-53,0.86,0.43,0.62,1.66,0.03,-0.10,-0.32,-0.98,-4.85,-30.31,0.30,215,165,250,"6,752","5,677","1,264",402,224,2.76,0.96,0.19,0.22,0.06,0.56,3.20,3.94,4.64,43.10,1.70,142,119,168,"60,085","31,238","28,848","3,207","7,411",3.48,0.66,0.48,0.92,0.05,2.31,-1.81,-4.14,-15.37,-7.74,0.32,55,54,58,"15,627","5,889","9,738",189,998,1.41,0.90,0.62,1.65,0.01,5.28,-6.38,-16.94,-79.61,-0.64,0.11,29,28,30,120,40,80,55,0,1.51,0.65,0.67,2.00,0.46,0.00,0.15,0.46,0.45,220.00,1.02,399,344,428,"26,046","17,238","8,809","1,073",206,2.76,1.50,0.34,0.51,0.04,0.19,0.45,0.82,2.45,144.49,1.19,572,504,640,"24,927","15,638","9,289","1,078",-8,1.39,0.35,0.63,1.68,0.04,-0.01,-0.09,-0.31,-1.56,-344.87,1.09,1.43,4.00,"14,718",5.05
Q4 2020,143,94,210,"30,391","11,355","19,036","2,068",375,1.90,0.70,0.63,1.68,0.07,0.18,0.97,3.43,12.93,14.54,0.50,"1,000",740,"1,340","60,863","34,471","26,392","1,901",141,2.37,1.48,0.43,0.77,0.03,0.07,-0.31,-0.62,-8.87,-138.11,0.86,866,665,"1,070","39,255","17,458","21,798","3,831","1,123",1.87,0.72,0.56,1.25,0.10,0.29,2.77,7.10,58.65,16.79,1.19,186,147,250,"15,702","6,049","9,653",827,40,1.05,0.49,0.61,1.60,0.05,0.05,0.24,0.72,3.60,61.11,0.44,241,206,272,"6,752","5,528","1,167","1,974","1,046",3.21,1.42,0.17,0.21,0.29,0.53,15.48,18.35,21.69,11.34,2.15,171,121,248,"51,865","23,574","28,292","3,328",269,3.13,0.61,0.55,1.20,0.06,0.08,-12.63,-33.63,-92.39,-2.32,0.78,51,51,51,"14,850","4,220","10,630",260,418,0.26,0.05,0.72,2.52,0.02,1.61,-2.82,-9.91,-33.36,-1.53,0.15,7,7,8,113,40,73,47,0,1.58,0.67,0.65,1.83,0.42,0.00,0.04,0.12,0.12,941.67,1.17,465,344,575,"26,459","17,599","8,860",931,391,1.98,0.94,0.33,0.50,0.04,0.42,1.24,2.25,6.84,74.56,1.68,710,533,872,"24,923","15,837","9,086","1,770",217,1.42,0.32,0.64,1.74,0.07,0.12,0.77,2.81,13.31,58.60,1.64,1.57,3.83,"14,382",2.19
Q1 2021,179,154,212,"30,489","11,030","19,459",485,303,1.83,0.63,0.64,1.76,0.02,0.62,-0.95,-3.51,-12.77,-12.29,0.43,"1,218","1,070","1,360","62,962","34,908","28,054","1,669",629,2.39,1.52,0.45,0.80,0.03,0.38,0.93,1.93,27.79,40.30,0.78,"1,089",900,"1,230","39,512","17,794","21,718","1,851",329,1.88,0.91,0.55,1.22,0.05,0.18,0.62,1.56,13.11,83.52,1.30,216,192,280,"15,968","6,051","9,917",551,1,1.08,0.48,0.62,1.64,0.03,0.00,0.02,0.06,0.31,619.35,0.38,235,216,250,"6,603","5,799",744,534,271,4.93,2.12,0.11,0.13,0.08,0.51,4.10,4.47,5.62,41.99,1.96,204,173,230,"64,401","23,146","41,255","3,285",288,2.77,0.83,0.64,1.78,0.05,0.09,0.40,1.45,3.61,53.00,0.78,51,51,51,"14,900","3,923","10,977",197,289,0.25,0.04,0.74,2.80,0.01,1.47,-1.94,-7.38,-23.09,-2.21,0.16,7,7,8,99,41,58,65,1,1.81,0.66,0.59,1.41,0.66,0.02,0.75,1.83,1.81,54.70,1.00,544,476,600,"26,662","17,853","8,809","1,116",253,1.99,1.00,0.33,0.49,0.04,0.23,0.89,1.59,4.91,109.98,1.75,835,673,"1,013","25,565","16,488","9,077","1,071",37,1.45,0.36,0.64,1.82,0.04,0.03,0.15,0.54,2.59,351.74,1.91,1.43,3.58,"14,184",-0.74
Q2 2021,130,111,177,"30,281","10,932","19,349","1,068",74,1.71,0.60,0.64,1.77,0.04,0.07,-0.39,-1.45,-5.19,-26.20,0.38,"1,110",930,1225,"59,062","35,047","24,015","1,585",118,3.02,1.57,0.41,0.69,0.03,0.07,0.16,0.30,4.33,222.86,0.67,980,820,"1,180","40,366","18,092","22,274","2,170",321,1.70,1.02,0.55,1.23,0.05,0.15,0.59,1.52,12.94,71.87,1.09,187,145,193,"16,029","6,014","10,015",568,-38,1.21,0.55,0.62,1.67,0.04,-0.07,-0.16,-0.51,-2.55,-70.20,0.36,202,192,248,"6,475","5,472",921,46,18,3.78,1.41,0.14,0.17,0.01,0.39,0.28,0.33,0.37,518.92,1.69,187,128,164,"63,876","22,649","41,227","3,782",562,2.82,0.86,0.65,1.82,0.06,0.15,0.81,-3.04,-7.32,-21.04,0.64,51,51,51,"14,978","3,806","11,173",172,121,0.24,0.05,0.75,2.94,0.01,0.70,-0.81,-3.18,-9.66,-5.28,0.17,8,8,9,91,41,50,59,0,2.00,0.95,0.55,1.22,0.65,0.00,0.08,0.18,0.17,747.06,1.29,476,400,560,"29,036","18,125","10,910","1,344",273,2.60,1.61,0.38,0.60,0.05,0.20,0.79,1.51,4.73,93.02,1.40,845,715,975,"26,533","17,400","9,133","1,388",119,1.41,0.42,0.66,1.91,0.05,0.09,0.27,1.02,4.93,172.41,1.77,1.48,3.50,"14,417",7.07
Q3 2021,128,121,136,"30,410","10,905","19,505","1,352",65,2.04,0.75,0.64,1.79,0.04,0.05,-0.19,-0.71,-2.52,51.98,0.37,951,885,1035,"60,102","35,409","24,692","1,913",285,2.86,1.48,0.41,0.70,0.03,0.15,0.42,0.81,11.84,84.46,0.68,903,820,990,"40,054","18,579","21,474","2,628",618,1.90,1.00,0.54,1.16,0.07,0.24,1.33,3.27,28.61,32.68,1.07,163,150,179,"16,044","5,944","10,100",710,-71,1.01,0.49,0.63,1.70,0.04,-0.10,-0.34,-1.06,-5.22,-31.61,0.33,190,174,210,"6,502","5,818",601,727,346,5.96,2.46,0.09,0.10,0.11,0.48,5.32,5.95,7.18,27.02,1.61,146,128,163,"63,064","22,714","40,350","3,686","1,042",3.05,0.88,0.64,1.78,0.06,0.28,-0.49,-1.77,-4.38,-34.93,0.62,51,51,51,"14,886","3,757","11,130",210,50,0.24,0.04,0.75,2.96,0.01,0.24,-0.33,-1.32,-3.97,-12.85,0.17,16,15,17,83,41,42,66,0,2.22,1.14,0.51,1.02,0.80,0.00,0.25,0.50,0.50,620.00,3.12,448,400,484,"28,675","18,400","10,275","1,329",274,2.94,1.87,0.36,0.56,0.05,0.21,0.90,1.68,5.34,90.64,1.52,805,740,890,"25,446","14,800","10,646","1,331",78,1.74,0.46,0.58,1.39,0.05,0.06,0.24,0.73,3.75,225.33,1.64,1.57,3.50,"14,383",3.51
Q4 2021,135,122,150,"29,611","10,540","18,838","1,350",173,1.63,0.57,0.64,1.79,0.05,0.13,-0.63,-2.37,-8.17,-14.93,0.35,"1,092",990,"1,225","61,470","35,894","25,576","2,488",506,2.59,1.51,0.42,0.71,0.04,0.20,0.68,1.33,19.74,51.17,0.68,"1,063",950,"1,180","40,668","19,394","21,274","3,081",819,1.65,0.94,0.52,1.10,0.08,0.27,1.77,4.25,38.84,24.97,1.06,172,150,193,"16,462","6,032","10,430",801,79,1.03,0.42,0.63,1.73,0.05,0.10,0.54,1.71,8.63,18.08,0.31,215,191,236,"6,114","5,351",700,134,112,4.52,1.26,0.11,0.13,0.02,0.84,1.31,1.50,1.66,115.06,1.72,149,141,164,"52,081","22,486","29,595","5,386",495,3.27,0.83,0.57,1.32,0.10,0.09,-1.98,-5.49,-14.52,-9.71,0.53,54,53,58,"14,540","4,184","10,355","1,430",418,0.98,0.39,0.71,2.47,0.10,0.29,2.88,9.99,33.37,2.22,0.22,104,101,106,164,42,122,93,1,1.20,0.39,0.74,2.90,0.57,0.01,0.39,1.55,1.57,"1,102.55",17.02,507,460,560,"28,866","19,178","9,688","1,925",750,3.79,2.48,0.34,0.51,0.07,0.39,2.29,4.12,13.72,33.82,1.39,905,800,975,"26,050","14,819","11,230","1,778",315,1.87,0.54,0.57,1.32,0.07,0.18,0.59,1.77,9.28,89.98,1.59,1.76,3.50,"14,266",5.02
Q1 2022,117,109,124,"29,408","10,569","19,071","1,259",47,1.65,0.59,0.65,1.80,0.04,0.04,-0.28,-1.06,-3.60,-32.78,0.35,977,885,"1,080","63,133","36,230","26,904","2,027",372,2.45,1.46,0.43,0.74,0.03,0.18,0.55,1.10,16.43,62.08,0.68,974,865,"1,120","40,818","19,842","20,976","2,234",473,1.57,1.04,0.51,1.06,0.05,0.21,1.03,2.42,22.67,45.88,1.11,146,141,154,"16,580","5,926","10,654",562,-100,1.02,0.38,0.64,1.80,0.03,-0.18,-0.44,-1.41,-7.01,-20.68,0.29,190,182,196,"6,597","5,741",823,621,390,4.56,1.69,0.12,0.14,0.09,0.63,5.90,6.78,8.07,22.92,1.55,134,126,142,"51,847","22,060","29,787","3,311",572,3.69,0.90,0.57,1.35,0.06,0.17,-1.09,-3.11,-8.01,-16.35,0.51,85,82,89,"14,459","4,234","10,225",390,51,1.03,0.41,0.71,2.41,0.03,0.13,0.35,1.21,4.08,22.06,0.27,207,198,218,189,43,147,90,1,1.17,0.37,0.78,3.42,0.48,0.01,0.31,1.37,1.42,"2,993.66",41.22,465,420,520,"29,334","19,588","9,747","1,307",409,3.78,2.52,0.33,0.50,0.04,0.31,1.26,2.26,7.70,62.86,1.42,740,655,830,"27,224","15,810","11,414","1,470",236,1.93,0.65,0.58,1.39,0.05,0.16,0.64,1.98,10.60,72.64,1.44,2.29,3.50,"14,346",5.01
Q2 2022,112,107,120,"29,048","10,277","18,772",943,281,1.65,0.59,0.65,1.83,0.03,0.30,-1.04,-4.60,-13.29,-8.28,0.34,932,880,"1,030","63,691","36,097","27,594","1,809",137,2.61,1.55,0.43,0.76,0.03,0.08,0.18,0.37,5.47,16.36,0.61,970,835,"1,065","40,920","20,403","20,517","2,431",619,1.56,1.09,0.50,1.01,0.06,0.25,1.43,3.25,31.47,27.33,0.89,146,140,158,"16,567","5,804","10,763",398,-118,1.00,0.37,0.65,1.85,0.02,-0.30,-0.54,-1.78,-8.70,-16.44,0.29,171,160,187,"6,764","5,891",802,446,271,4.92,1.86,0.12,0.14,0.07,0.61,4.00,4.60,5.62,28.47,1.31,122,109,131,"51,437","21,189","30,249","3,452",607,3.62,0.78,0.59,1.43,0.07,0.18,-1.24,-3.63,-9.00,-12.44,0.45,89,87,95,"13,717","4,543","9,174",76,302,0.78,0.16,0.67,2.02,0.01,3.97,2.20,6.65,24.11,4.23,0.28,334,325,345,179,43,136,84,0,1.19,0.29,0.76,3.16,0.47,0.00,0.21,0.87,0.91,"5,552.75",48.57,507,472,580,"29,722","20,039","9,683","1,444",451,4.43,3.06,0.33,0.48,0.05,0.31,1.29,2.28,7.95,59.37,1.35,667,570,755,"27,237","15,907","11,330","1,259",72,1.61,0.52,0.58,1.40,0.05,0.06,0.29,0.89,4.82,118.26,1.06,3.79,3.50,"14,566",5.44
Q3 2022,120,108,153,"29,604","13,071","16,533","5,185","2,819",2.31,0.92,0.56,1.26,0.18,0.54,9.25,26.97,120.67,1.04,0.28,931,875,"1,025","64,107","36,741","27,367","3,310",512,2.71,1.59,0.43,0.74,0.05,0.15,0.71,1.40,21.48,42.13,0.59,940,810,"1,095","41,325","20,705","20,620","2,562",555,1.57,1.11,0.50,1.00,0.06,0.22,1.26,2.85,28.02,33.90,0.97,167,144,206,"16,867","5,926","10,942",963,118,1.07,0.37,0.65,1.85,0.06,0.12,0.43,1.39,6.92,25.14,0.35,171,156,184,"6,876","5,999",746,189,108,5.45,1.99,0.11,0.12,0.03,0.57,1.56,1.79,2.23,77.13,1.38,109,100,124,"51,127","20,470","30,657","3,693",654,3.47,0.69,0.60,1.50,0.07,0.18,-1.41,-4.30,-10.17,-9.83,0.42,107,104,112,"13,681","4,432","9,249",148,119,0.76,0.12,0.68,2.09,0.01,0.80,-0.87,-2.68,-9.48,-11.29,0.30,"1,084","1,031","1,134","15,166","7,122","8,045",190,32,1.13,0.30,0.53,1.13,0.01,0.17,0.05,0.40,0.57,"1,605.26",6.54,475,430,525,"30,034","20,475","9,559","1,744",523,4.95,3.48,0.32,0.47,0.06,0.30,1.46,2.55,9.09,49.72,1.27,616,545,725,"27,519","16,174","11,345","1,483",115,1.64,0.49,0.59,1.43,0.05,0.08,0.20,0.62,3.34,178.14,1.11,5.19,3.83,"14,940",5.72
Q4 2022,150,113,170,"28,618","12,470","16,148","1,277",316,1.96,0.71,0.56,1.29,0.04,0.25,-1.26,-3.75,-15.89,-9.69,0.36,918,890,960,"64,999","38,045","26,954","3,090","1,636",2.61,1.50,0.41,0.71,0.05,0.53,2.33,4.50,71.55,12.86,0.58,957,910,"1,020","42,033","21,015","21,018","1,900",355,1.67,1.12,0.50,1.00,0.05,0.19,0.80,1.82,18.19,51.68,0.94,174,166,188,"16,352","6,216","10,136","1,225",291,1.04,0.38,0.62,1.63,0.07,0.24,-0.05,-0.15,-0.74,-231.08,0.35,166,157,182,"6,623","5,725",789,676,450,4.82,1.43,0.12,0.14,0.10,0.67,6.79,7.86,9.33,17.04,1.34,94,79,105,"49,871","19,140","30,731","4,219","1,256",3.13,0.62,0.62,1.61,0.08,0.30,-1.53,-4.99,-10.79,-7.32,0.37,97,95,100,"13,528","4,226","9,303",484,214,0.80,0.13,0.69,2.20,0.04,0.44,-1.58,-5.07,-17.10,-4.80,0.24,"1,006",976,"1,049","28,010","7,510","20,500",213,256,1.01,0.18,0.73,2.73,0.01,1.20,0.46,6.01,9.58,99.16,5.96,453,434,480,"30,602","20,718","9,884","1,492",449,4.65,3.22,0.32,0.48,0.05,0.30,1.14,2.01,7.21,63.25,1.27,594,550,650,"28,434","16,684","11,750","1,508",349,1.50,0.46,0.59,1.42,0.05,0.23,1.11,3.43,19.12,31.64,1.09,5.55,5.20,"15,572",5.01
Q1 2023,146,125,160,"28,089","12,576","15,512","1,151",126,1.92,0.69,0.55,1.23,0.04,0.11,0.35,1.02,4.37,31.58,0.32,941,880,"1,005","68,010","40,770","27,239","2,876",987,2.74,1.59,0.40,0.67,0.04,0.34,1.30,2.52,41.75,23.47,0.59,951,875,"1,010","42,150","21,398","20,752","2,131",431,1.47,1.12,0.49,0.97,0.05,0.20,0.98,2.18,22.27,44.68,0.98,164,154,175,"15,748","6,599","9,149","1,543",392,1.18,0.44,0.58,1.39,0.10,0.25,0.19,0.59,2.93,57.00,0.34,166,158,174,"6,839","5,880",916,224,156,4.40,1.34,0.13,0.16,0.03,0.70,2.27,2.64,3.23,52.63,1.39,81,70,96,"50,105","20,321","29,784","3,787",138,2.76,0.53,0.59,1.47,0.08,0.04,2.27,6.95,16.06,5.73,0.40,76,75,78,"13,597","4,404","9,129",208,196,0.79,0.13,0.67,2.07,0.02,0.94,1.44,4.46,15.67,4.34,0.19,"1,129","1,102","1,161","16,348","7,851","8,496",919,446,1.20,35.00,0.52,1.08,0.06,0.49,1.10,8.15,13.27,96.08,7.83,451,418,474,"31,231","21,374","9,857","1,385",658,4.34,2.99,0.32,0.46,0.04,0.48,1.91,3.33,12.36,36.73,1.22,579,500,640,"28,820","16,783","12,037","1,499",284,1.53,0.47,0.58,1.39,0.05,0.19,0.94,2.87,16.46,32.20,0.92,5.24,5.75,"15,233",5.03
Q2 2023,138,128,148,"27,857","12,350","15,507",718,187,1.08,0.37,0.56,1.26,0.03,0.26,-0.73,-2.13,-8.92,-15.81,0.34,"1,100",975,"1,195","67,628","40,366","27,261","2,122",366,2.51,1.42,0.40,0.68,0.03,0.17,0.47,0.89,14.97,73.15,0.65,"1,074",960,"1,175","42,485","21,522","20,963","2,339",401,1.56,1.17,0.49,0.97,0.06,0.17,0.86,1.93,19.75,53.67,1.03,200,159,258,"15,225","6,361","8,864",956,84,1.04,0.37,0.58,1.39,0.06,0.09,0.06,0.18,0.89,265.17,0.47,170,165,175,"7,021","6,325",614,745,445,7.45,2.69,0.09,0.10,0.11,0.60,6.33,7.03,9.22,18.55,1.30,93,81,104,"49,886","20,384","29,502","4,226",145,2.70,0.49,0.59,1.45,0.08,0.03,0.28,0.07,0.16,581.25,0.40,77,75,79,"13,625","4,299","9,325",133,104,0.79,0.12,0.68,2.17,0.01,0.78,-0.76,-2.41,-8.26,-9.69,0.23,"1,405","1,363","1,448","16,698","7,969","8,729",323,102,1.50,0.44,0.52,1.10,0.02,0.32,0.19,1.41,2.33,682.40,9.63,482,460,510,"31,584","21,668","9,916","1,525",582,4.19,2.87,0.31,0.46,0.05,0.38,1.59,2.78,10.45,46.70,1.30,627,525,725,"29,486","17,483","12,003","1,465",244,1.28,0.39,0.59,1.46,0.05,0.17,0.55,1.70,9.82,67.21,1.14,3.95,5.75,"14,866",5.17
Q3 2023,151,139,168,"28,597","13,718","14,879","2,048","1,412",1.67,0.58,0.52,1.08,0.07,0.69,4.85,12.73,61.11,2.47,0.31,"1,118","1,010","1,235","71,113","40,686","30,427","2,310",652,2.56,1.50,0.43,0.75,0.03,0.28,0.80,1.58,26.84,38.00,0.60,"1,088",995,"1,170","42,635","21,937","20,698","2,120",422,1.51,1.18,0.49,0.94,0.05,0.20,0.94,2.07,21.70,47.00,0.97,226,200,274,"14,690","6,366","8,324",854,163,1.12,0.37,0.57,1.31,0.06,0.19,0.41,1.15,5.81,34.42,0.40,173,164,177,"6,764","5,850",799,15,8,5.31,1.54,0.12,0.14,0.00,0.53,0.12,0.12,0.17,"1,029.41",1.44,99,92,106,"50,379","20,483","29,896","4,318",595,2.77,0.53,0.59,1.46,0.09,0.14,-0.72,-2.22,-5.11,-18.40,0.41,85,83,87,"13,564","4,156","9,408",426,156,0.82,0.12,0.69,2.26,0.03,0.37,-1.15,-3.76,-12.46,-6.50,0.24,"2,696","2,590","2,765","16,919","7,837","9,082",378,152,1.34,0.30,0.54,1.16,0.02,0.40,0.26,1.91,3.21,"1,504.67",28.69,468,432,500,"32,056","22,144","9,912","1,673",468,4.70,3.24,0.31,0.45,0.05,0.28,1.21,2.10,8.06,54.34,1.14,652,575,710,"29,500","17,127","12,372","2,116",412,1.25,0.39,0.58,1.38,0.07,0.19,0.74,2.25,13.27,43.33,0.97,2.88,5.75,"15,222",4.94
Q4 2023,135,125,154,"28,328","13,451","14,876",760,187,1.30,0.43,0.53,1.11,0.03,0.25,-0.71,-1.88,-8.86,-14.56,0.27,"1,037",935,"1,120","66,828","41,202","25,626","4,231",254,2.47,1.27,0.38,0.62,0.06,0.06,0.26,0.48,8.33,129.65,0.63,"1,098",990,"1,175","44,115","22,625","21,490","2,656",654,1.46,1.28,0.49,0.95,0.06,0.25,1.51,3.32,35.87,32.62,1.08,191,185,204,"14,604","6,539","8,065",553,119,1.14,0.41,0.55,1.23,0.04,0.22,0.51,1.40,7.17,27.62,0.39,170,161,177,"6,719","5,880",728,938,602,5.97,1.75,0.11,0.12,0.14,0.64,8.96,8.96,12.48,13.06,1.34,87,77,97,"49,571","19,606","29,964","4,515",90,3.00,0.58,0.60,1.53,0.09,0.02,-1.49,-4.82,-10.40,-9.33,0.45,68,66,70,"13,689","4,117","9,572",370,42,0.88,0.14,0.70,2.32,0.03,0.11,-0.28,-0.94,-3.08,-20.13,0.19,"4,613","4,481","4,780","33,712","19,089","13,623",539,81,1.98,0.42,0.40,0.71,0.02,0.15,0.05,0.12,1.14,"4,298.25",5.13,420,392,454,"32,711","22,795","9,915","1,631",674,5.16,3.60,0.30,0.43,0.05,0.41,1.89,3.24,12.83,35.39,1.14,572,505,625,"31,168","12,303","18,865","1,578",118,1.32,0.40,0.39,0.65,0.05,0.07,0.36,1.15,6.84,84.06,0.97,2.68,6.00,"15,629",5.04